
INSERT INTO PAGAMENTO (DESCRICAO_PAG) VALUES ('DEBITO');
INSERT INTO PAGAMENTO (DESCRICAO_PAG) VALUES ('BOLETO');
INSERT INTO PAGAMENTO (DESCRICAO_PAG) VALUES ('CRED A VISTA');
INSERT INTO PAGAMENTO (DESCRICAO_PAG) VALUES ('PARC 2 VEZES SEM JUROS');
INSERT INTO PAGAMENTO (DESCRICAO_PAG) VALUES ('PARC 3 VEZES SEM JUROS');
INSERT INTO PAGAMENTO (DESCRICAO_PAG) VALUES ('PARC 4 VEZES SEM JUROS');
INSERT INTO PAGAMENTO (DESCRICAO_PAG) VALUES ('PARC 5 VEZES SEM JUROS');
INSERT INTO PAGAMENTO (DESCRICAO_PAG) VALUES ('PARC 6 VEZES COM JUROS');
INSERT INTO PAGAMENTO (DESCRICAO_PAG) VALUES ('PARC 7 VEZES COM JUROS');
INSERT INTO PAGAMENTO (DESCRICAO_PAG) VALUES ('PARC 8 VEZES COM JUROS');
INSERT INTO PAGAMENTO (DESCRICAO_PAG) VALUES ('PARC 9 VEZES COM JUROS');
INSERT INTO PAGAMENTO (DESCRICAO_PAG) VALUES ('PARC 10 VEZES COM JUROS');

INSERT INTO FORMATO_LIVRO (DESCRICAO_FOR) VALUES ('CAPA DURA');
INSERT INTO FORMATO_LIVRO (DESCRICAO_FOR) VALUES ('GRAMPO');
INSERT INTO FORMATO_LIVRO (DESCRICAO_FOR) VALUES ('BROCHURA');
INSERT INTO FORMATO_LIVRO (DESCRICAO_FOR) VALUES ('DIGITAL');
INSERT INTO FORMATO_LIVRO (DESCRICAO_FOR) VALUES ('ASPIRAL');

INSERT INTO ESTADO(UF_ID_EST,DESCRICAO_UF) VALUES ('AC','ACRE');
INSERT INTO ESTADO(UF_ID_EST,DESCRICAO_UF) VALUES ('AL','ALAGOAS');
INSERT INTO ESTADO(UF_ID_EST,DESCRICAO_UF) VALUES ('AP','AMAPÁ');
INSERT INTO ESTADO(UF_ID_EST,DESCRICAO_UF) VALUES ('AM', 'AMAZONAS');
INSERT INTO ESTADO(UF_ID_EST,DESCRICAO_UF) VALUES ('BA','BAHIA');
INSERT INTO ESTADO(UF_ID_EST,DESCRICAO_UF) VALUES ('CE','CEARÁ');
INSERT INTO ESTADO(UF_ID_EST,DESCRICAO_UF) VALUES ('DF','DISTRITO FEDERAL');
INSERT INTO ESTADO(UF_ID_EST,DESCRICAO_UF) VALUES ('ES','ESPÍRITO SANTO');
INSERT INTO ESTADO(UF_ID_EST,DESCRICAO_UF) VALUES ('GO' ,'GOIAÁ');
INSERT INTO ESTADO(UF_ID_EST,DESCRICAO_UF) VALUES ('MA','MARANHÃO');
INSERT INTO ESTADO(UF_ID_EST,DESCRICAO_UF) VALUES ('MT','MATO GROSSO');
INSERT INTO ESTADO(UF_ID_EST,DESCRICAO_UF) VALUES ('MS','MATO GROSSO DO SUL');
INSERT INTO ESTADO(UF_ID_EST,DESCRICAO_UF) VALUES ('MG','MINAS GERAIS');
INSERT INTO ESTADO(UF_ID_EST,DESCRICAO_UF) VALUES ('PA','PARÁ');
INSERT INTO ESTADO(UF_ID_EST,DESCRICAO_UF) VALUES ('PB','PERNAMBUCO');
INSERT INTO ESTADO(UF_ID_EST,DESCRICAO_UF) VALUES ('PR','PARANÁ');
INSERT INTO ESTADO(UF_ID_EST,DESCRICAO_UF) VALUES ('PE','PERNAMBUCO');
INSERT INTO ESTADO(UF_ID_EST,DESCRICAO_UF) VALUES ('PI','PIAUÍ');
INSERT INTO ESTADO(UF_ID_EST,DESCRICAO_UF) VALUES ('RJ','RIO DE JANEIRO');
INSERT INTO ESTADO(UF_ID_EST,DESCRICAO_UF) VALUES ('RN','RIO GRANDE DO NORTE');
INSERT INTO ESTADO(UF_ID_EST,DESCRICAO_UF) VALUES ('RS','RIO GRANDE DO SUL');
INSERT INTO ESTADO(UF_ID_EST,DESCRICAO_UF) VALUES ('RO','RONDÔNIA');
INSERT INTO ESTADO(UF_ID_EST,DESCRICAO_UF) VALUES ('RR','RORAIMA');
INSERT INTO ESTADO(UF_ID_EST,DESCRICAO_UF) VALUES ('SC','SANTA CATARINA');
INSERT INTO ESTADO(UF_ID_EST,DESCRICAO_UF) VALUES ('SP','SÃO PAULO');
INSERT INTO ESTADO(UF_ID_EST,DESCRICAO_UF) VALUES ('SE','SERGIPE');
INSERT INTO ESTADO(UF_ID_EST,DESCRICAO_UF) VALUES ('TO','TOCANTINS');

INSERT INTO EDITORA(NOME_ED) VALUES ('INTRINSECA');
INSERT INTO EDITORA(NOME_ED) VALUES ('ARQUEIRO');
INSERT INTO EDITORA(NOME_ED) VALUES ('RECORD');
INSERT INTO EDITORA(NOME_ED) VALUES ('SEXTANTE / GMT');
INSERT INTO EDITORA(NOME_ED) VALUES ('GENTE');
INSERT INTO EDITORA(NOME_ED) VALUES ('EDITORA NACIONAL');
INSERT INTO EDITORA(NOME_ED) VALUES ('CAMINHO SUAVE ED.');
INSERT INTO EDITORA(NOME_ED) VALUES ('ROCCO');
INSERT INTO EDITORA(NOME_ED) VALUES ('AGORA EDITORA');
INSERT INTO EDITORA(NOME_ED) VALUES ('COMPANHIA DAS LETRAS');
INSERT INTO EDITORA(NOME_ED) VALUES ('OBJETIVA');
INSERT INTO EDITORA(NOME_ED) VALUES ('BUZZ EDITORA');
INSERT INTO EDITORA(NOME_ED) VALUES ('RECORD');
INSERT INTO EDITORA(NOME_ED) VALUES ('GLOBO ART');
INSERT INTO EDITORA(NOME_ED) VALUES ('ALPH');
INSERT INTO EDITORA(NOME_ED) VALUES ('VALENTINA');
INSERT INTO EDITORA(NOME_ED) VALUES ('ARTMED');
INSERT INTO EDITORA(NOME_ED) VALUES ('FARO EDITORIAL');
INSERT INTO EDITORA(NOME_ED) VALUES ('BALÃO EDITORIAL');
INSERT INTO EDITORA(NOME_ED) VALUES ('BERTRAND BRASIL');
INSERT INTO EDITORA(NOME_ED) VALUES ('DAVID FINKING BOOKS');
INSERT INTO EDITORA(NOME_ED) VALUES ('SARAIVA');
INSERT INTO EDITORA(NOME_ED) VALUES ('MARTINS FONTES');

INSERT INTO CATEGORIA(DESCRICAO_CAT) VALUES ('ADMINISTRAÇÃO');
INSERT INTO CATEGORIA(DESCRICAO_CAT) VALUES ('ARTES');
INSERT INTO CATEGORIA(DESCRICAO_CAT) VALUES ('AUTOAJUDA');
INSERT INTO CATEGORIA(DESCRICAO_CAT) VALUES ('CIÊNCIAS BIOLÓGICAS');
INSERT INTO CATEGORIA(DESCRICAO_CAT) VALUES ('CIÊNCIAS EXATAS');
INSERT INTO CATEGORIA(DESCRICAO_CAT) VALUES ('CIÊNCIAS HUMANAS E SOCIAIS');
INSERT INTO CATEGORIA(DESCRICAO_CAT) VALUES ('DIDÁTICOS');
INSERT INTO CATEGORIA(DESCRICAO_CAT) VALUES ('DIREITO');
INSERT INTO CATEGORIA(DESCRICAO_CAT) VALUES ('DIVERSOS');
INSERT INTO CATEGORIA(DESCRICAO_CAT) VALUES ('ECONOMIA');
INSERT INTO CATEGORIA(DESCRICAO_CAT) VALUES ('ESOTERISMO');
INSERT INTO CATEGORIA(DESCRICAO_CAT) VALUES ('ESPORTES E LAZER');
INSERT INTO CATEGORIA(DESCRICAO_CAT) VALUES ('GEOGRAFIA E HISTORIA');
INSERT INTO CATEGORIA(DESCRICAO_CAT) VALUES ('INFORMÁTICA');
INSERT INTO CATEGORIA(DESCRICAO_CAT) VALUES ('LINGUÍSTICA');
INSERT INTO CATEGORIA(DESCRICAO_CAT) VALUES ('LITERATURA BRASILEIRA	');
INSERT INTO CATEGORIA(DESCRICAO_CAT) VALUES ('LITERATURA ESTRANGEIRA');
INSERT INTO CATEGORIA(DESCRICAO_CAT) VALUES ('MEDICINA');
INSERT INTO CATEGORIA(DESCRICAO_CAT) VALUES ('PSICOLOGIA E PSICANÁLISE');
INSERT INTO CATEGORIA(DESCRICAO_CAT) VALUES ('RELIGIÃO');
INSERT INTO CATEGORIA(DESCRICAO_CAT) VALUES ('FICÇÃO CIENTÍFICA FANTASIA');
INSERT INTO CATEGORIA(DESCRICAO_CAT) VALUES ('BIOGRAFIA');
INSERT INTO CATEGORIA(DESCRICAO_CAT) VALUES ('AVENTURA');
INSERT INTO CATEGORIA(DESCRICAO_CAT) VALUES ('FANTASIA');
INSERT INTO CATEGORIA(DESCRICAO_CAT) VALUES ('INFANTO JUVENIL');

INSERT INTO LIVRO
VALUES
('8533613377',
'O SENHOR DOS ANÉIS I - A SOCIEDADE DO ANEL',
1,
13,
'2000/02/03',
25.00,
44.00);


INSERT INTO LIVRO
VALUES
('9788582714225',
 'BIOLOGIA MOLECULAR DA CÉLULA - 6ª ED. 2017',
1,
14,
'2017/01/01',
200.00,
342.90);



INSERT INTO LIVRO
VALUES('9788580572186',
'CINQUENTA TONS DE CINZA',
1,1,
'2011/06/20',
11.00,
29.90);

INSERT INTO LIVRO
VALUES (
'9788562409882',
'A GAROTA DO LAGO',
3,
15,
'2017/01/04',
8.00,
11.90);


INSERT INTO LIVRO
VALUES (
'9788593156755',
'A ORAÇÃO DE SÃO FRANCISCO',
4,
11,
'2018/11/01',
30.00,
34.90);


INSERT INTO LIVRO
VALUES
(9788504019742,
'O RETORNO DE SHERLOCK HOLMES',
1,
5,
'2015/03/25',
29.99,
39.90);

INSERT INTO LIVRO
 VALUES
 ('9788569514732',
 'ESTRELAS ALÉM DO TEMPO ',
 1,
 16,
 '2017/01/16'
 ,22.90,
 23.30);


INSERT INTO LIVRO
VALUES
('9788575426234',
'JOGANDO PARA VENCER ',
3,
3,
'2011/01/20',
29.90,
19.99);



INSERT INTO LIVRO
 VALUES
 ('9788555390494',
 'AS MELHORES HISTÓRIAS DE VIAGEM NO TEMPO',
  2,
 20,
 '2016/09/14',
 54.90,
 36.90);



INSERT INTO LIVRO
VALUES
('9788593911224',
 'E SE EU FOSSE PURA',
3,
10,
'2016/02/05',
20.90,
39.39);



INSERT INTO LIVRO
VALUES (
'9788576831303',
'DIARIO DE UM BANANA',
1,
22,
'2007/04/01',
22.90,
30.90);

INSERT INTO LIVRO
VALUES (
'9788533613393',
'SENHOR DOS ANÉIS: O RETORNO DO REI',
3,
10,
'1955/07/29',
60.45,
90.80);


INSERT INTO LIVRO
VALUES
('9788553611218',
'CLT – CONSOLIDAÇÃO DAS LEIS DO TRABALHO',
4,
20,
'2019/03/21',
110.00,
220.00
);

INSERT INTO LIVRO
VALUES (
'9788576849209',
'REGRAS DO JOGO',
4,
21,
'2015/08/08',
20.50,
40.90
);

INSERT INTO AUTOR VALUES (NULL, 'JOSE XXXXXXX');
INSERT INTO AUTOR VALUES (NULL, 'MARIA XXXXXXX');
INSERT INTO AUTOR VALUES (NULL, 'ANTONIO XXXXXXX');
INSERT INTO AUTOR VALUES (NULL, 'CARLOS XXXXXXX');
INSERT INTO AUTOR VALUES (NULL, 'VILMA XXXXXXX');
INSERT INTO AUTOR VALUES (NULL, 'ANA XXXXXXX');


INSERT INTO LIVRO_AUTOR VALUES ('9788504019742', 1);
INSERT INTO LIVRO_AUTOR VALUES ('9788562409882', 1);
INSERT INTO LIVRO_AUTOR VALUES ('9788562409882', 3);
INSERT INTO LIVRO_AUTOR VALUES ('9788593156755', 2);
INSERT INTO LIVRO_AUTOR VALUES ('9788555390494', 5);
INSERT INTO LIVRO_AUTOR VALUES ('9788555390494', 6);
INSERT INTO LIVRO_AUTOR VALUES ('9788504019742', 6);
INSERT INTO LIVRO_AUTOR VALUES ('9788582714225', 5);
INSERT INTO LIVRO_AUTOR VALUES ('9788504019742', 4);
INSERT INTO LIVRO_AUTOR VALUES ('9788553611218', 3);
INSERT INTO LIVRO_AUTOR VALUES ('9788576831303', 4);
INSERT INTO LIVRO_AUTOR VALUES ('9788576831303', 2);
INSERT INTO LIVRO_AUTOR VALUES ('9788593911224', 1);
INSERT INTO LIVRO_AUTOR VALUES ('9788569514732', 6);


INSERT INTO CLIENTE
(LOGIN_ID_CLI, SENHA_CLI, NOME_CLI, CPF_CLI, ENDERECO_CLI, BAIRRO_CLI, CIDADE_CLI, UF_ID_EST, CEP_CLI)
VALUES
('HENRI','1234567','HENRIQUE','47231907718','RUA GUAÍPA','LEOPOLDINA','São Paulo','SP','05578220');

INSERT INTO CLIENTE
(LOGIN_ID_CLI, SENHA_CLI, NOME_CLI, CPF_CLI, ENDERECO_CLI, BAIRRO_CLI, CIDADE_CLI, UF_ID_EST, CEP_CLI)
VALUES
('GUISZ','333','GUILHERME','47137969909','RUA PIETRA','PERUS','São Paulo','SP','03958220');

INSERT INTO CLIENTE
(LOGIN_ID_CLI, SENHA_CLI, NOME_CLI, CPF_CLI, ENDERECO_CLI, BAIRRO_CLI, CIDADE_CLI, UF_ID_EST, CEP_CLI)
VALUES
('MARL','1234567','MARLENE','49937813347','RUA ARGENTINA','MORRO DOCE','São Paulo','SP','07798420');

INSERT INTO CLIENTE
(LOGIN_ID_CLI, SENHA_CLI, NOME_CLI, CPF_CLI, ENDERECO_CLI, BAIRRO_CLI, CIDADE_CLI, UF_ID_EST, CEP_CLI)
VALUES
('FERZINHA','123','fERNANDA','47329109816','RUA AFRICA','JARAGUA','São Paulo','SP','09815029');

select * from LIVRO_AUTOR;

select lower(NOME_CLI) from cliente;

select substr(titulo_liv,3,5) from livro;

select * from categoria where codigo_id_cat not in(1,5,8);

select * from LIVRO where DTPUBLICACAO_LIV between '2000/01/01' and '2011/12/30';

select *from livro where titulo_liv like 'o%';

select *from livro where titulo_liv like '%de%';